user_id,username,join_date,age,country,preferred_genre
0,johnsonjoshua,2023-05-28,58,LK,rock
1,rhodespatricia,2023-02-17,19,NO,electronic
2,johnsonjeffery,2023-12-20,35,AR,pop
3,jennifermiles,2023-10-18,32,PE,pop
4,lisa02,2024-05-09,65,LV,rock
5,eric51,2023-02-21,61,BY,electronic
6,melanie94,2024-07-28,75,ZA,hip-hop
7,yherrera,2023-02-11,23,KE,hip-hop
8,barbara10,2024-04-12,45,JP,rock
9,wyattmichelle,2023-09-19,19,PH,rock
10,francisco53,2024-04-18,31,ME,pop
11,lynchgeorge,2024-05-31,50,DK,hip-hop
12,ogray,2024-05-02,19,GN,hip-hop
13,megan03,2024-08-07,30,KW,electronic
14,nadams,2024-10-13,59,TN,electronic
15,jason76,2024-09-22,52,BA,classical
16,ithomas,2023-06-14,32,TJ,classical
17,julie69,2023-10-03,55,GN,jazz
18,williamdavis,2023-01-19,69,CG,folk
19,courtneyconner,2023-10-20,18,BI,folk
20,djames,2024-01-06,69,TG,pop
21,frazierdanny,2024-09-22,62,GB,classical
22,kayla51,2023-07-18,39,DJ,jazz
23,usmith,2024-09-16,27,IN,pop
24,williamrodriguez,2024-03-17,79,DZ,folk
25,ericfarmer,2024-01-14,39,SM,rock
26,georgetracy,2023-03-07,23,ML,classical
27,john39,2024-11-07,24,BS,jazz
28,wcabrera,2024-01-09,72,CN,jazz
29,donnaarroyo,2023-04-15,56,SM,jazz
30,ibrandt,2024-06-20,69,FM,rock
31,jenniferross,2024-04-20,64,MR,classical
32,clam,2023-03-14,52,GR,rock
33,morganbrianna,2023-06-02,80,GN,classical
34,jonescrystal,2023-06-01,23,AU,hip-hop
35,chad34,2024-04-18,36,GH,folk
36,jenniferkhan,2024-02-10,58,HN,hip-hop
37,maguirre,2023-02-22,74,KM,folk
38,agomez,2023-11-22,41,ZA,hip-hop
39,nuneztracey,2023-02-25,30,NA,electronic
40,lauren13,2023-05-05,22,SO,rock
41,ltaylor,2023-07-07,60,HU,pop
42,ramosmichelle,2024-01-22,67,BE,jazz
43,novaksara,2024-08-27,23,DM,folk
44,ntucker,2024-09-08,32,BH,folk
45,nicholasgalloway,2023-06-27,24,PH,classical
46,rodney87,2023-04-08,35,KE,classical
47,tanyariley,2024-01-16,58,AE,folk
48,brian97,2023-12-18,41,SM,pop
49,brianromero,2024-08-29,41,BJ,jazz
50,leonardjoe,2023-03-13,31,TN,electronic
51,bethwilliams,2023-02-13,35,KM,electronic
52,sarah35,2023-06-08,77,MY,electronic
53,emilyevans,2023-08-04,59,GB,rock
54,smithchristine,2024-01-31,56,BZ,electronic
55,medinawilliam,2023-03-22,28,MG,hip-hop
56,suarezmike,2023-04-10,64,ST,pop
57,cheryl80,2024-04-17,28,TG,classical
58,sarah12,2023-06-27,42,CD,jazz
59,josephjacobs,2024-05-23,77,GA,electronic
60,william40,2023-02-21,62,NO,hip-hop
61,bradley52,2024-03-25,32,IN,electronic
62,joycearnold,2023-10-24,38,AG,folk
63,jonesnicole,2024-10-06,67,ST,folk
64,davenportbrandi,2023-04-03,21,CN,pop
65,parkerrachel,2024-07-19,70,BB,rock
66,jason31,2023-08-31,69,TJ,jazz
67,vdickson,2023-04-07,43,GW,jazz
68,theresacochran,2024-09-20,22,AR,pop
69,jillcook,2024-10-26,76,SV,hip-hop
70,josephcobb,2023-03-05,74,AZ,electronic
71,dwalker,2023-08-28,38,GT,pop
72,andrewlee,2023-08-12,59,BJ,classical
73,michael86,2024-04-25,43,SO,electronic
74,sheila14,2023-04-25,47,IN,pop
75,rodriguezryan,2024-05-31,34,KW,pop
76,gobrien,2023-03-10,33,TR,electronic
77,jonathanfletcher,2022-12-17,53,SO,hip-hop
78,michaeljones,2024-04-14,34,LS,electronic
79,elizabeth14,2023-12-21,55,TL,classical
80,snguyen,2023-07-20,75,CN,hip-hop
81,robertbentley,2024-04-24,43,EC,jazz
82,richard04,2023-07-13,32,NR,pop
83,steven73,2023-12-24,50,LK,classical
84,donnacampbell,2024-04-14,23,VN,folk
85,clarence34,2023-05-29,21,FJ,folk
86,andrewsanchez,2023-11-28,25,BN,pop
87,operry,2024-02-09,58,VC,pop
88,psnyder,2023-04-02,68,FM,electronic
89,staffordmichelle,2024-09-23,45,NO,hip-hop
90,gregoryrubio,2023-12-29,22,BE,classical
91,samanthamartinez,2023-03-23,42,PL,hip-hop
92,stephanie79,2024-08-02,47,SD,hip-hop
93,jrivas,2023-11-06,34,DJ,hip-hop
94,wcole,2023-06-14,73,DZ,rock
95,katie87,2024-03-18,61,IS,electronic
96,sjones,2023-06-05,25,LT,electronic
97,patricia12,2023-04-05,74,MV,hip-hop
98,jasminebrown,2023-10-09,66,SR,jazz
99,nperry,2024-08-15,67,MW,electronic
100,gateskathy,2023-09-20,39,AF,rock
101,kenneth66,2024-01-13,36,LK,classical
102,tracynelson,2023-12-06,28,MW,classical
103,elizabeth62,2024-08-21,18,CN,electronic
104,meadowsbrittany,2024-04-13,74,BS,electronic
105,dtaylor,2023-04-27,34,IL,hip-hop
106,dmurphy,2023-08-11,66,PS,pop
107,aramirez,2023-06-18,50,BR,rock
108,ismith,2023-01-23,73,MG,electronic
109,debraharrington,2024-04-05,37,TW,folk
110,herringjames,2022-12-30,58,DE,hip-hop
111,davidcaldwell,2024-02-01,56,GM,pop
112,xlyons,2023-09-11,27,UZ,jazz
113,stricklandfrank,2023-07-31,66,TT,pop
114,hickmanbarbara,2024-10-09,52,MT,folk
115,mdavid,2023-02-09,77,FM,hip-hop
116,curtisbarton,2024-08-28,76,US,rock
117,hoganashlee,2023-01-15,56,SN,jazz
118,estanley,2023-12-20,49,LV,rock
119,atkinsonlynn,2023-03-03,25,ML,jazz
120,bzimmerman,2023-04-23,74,SK,folk
121,christina87,2023-11-20,69,ES,jazz
122,marcus31,2023-07-07,33,PG,rock
123,karenhudson,2024-04-17,33,LU,hip-hop
124,snydermark,2023-12-07,78,MH,rock
125,matthew94,2024-01-26,23,SI,electronic
126,christophercortez,2023-12-08,49,PS,folk
127,hannahbrewer,2023-12-09,22,AM,folk
128,phillipsrichard,2023-06-11,52,HR,folk
129,thomas85,2023-10-23,26,CH,pop
130,michael74,2023-07-28,60,HT,classical
131,griffithleslie,2024-06-11,78,FM,hip-hop
132,jamesrodgers,2023-07-06,28,TZ,jazz
133,tina34,2023-05-31,51,EE,folk
134,alexis82,2023-07-04,56,BF,classical
135,heidi27,2023-02-28,79,AL,pop
136,taylor75,2023-04-29,77,BF,hip-hop
137,shelley71,2024-08-07,66,MZ,electronic
138,ojones,2024-04-30,62,CZ,pop
139,lisaavery,2023-02-16,63,HU,jazz
140,grantrobert,2024-02-24,43,VN,electronic
141,kimberlyjames,2024-10-10,59,KG,jazz
142,ntorres,2023-01-29,46,SZ,hip-hop
143,mezajared,2023-05-19,46,HR,rock
144,mooreglenn,2023-02-08,33,AD,pop
145,mhayes,2023-11-24,22,AU,jazz
146,keithcampbell,2024-09-04,19,BN,hip-hop
147,sandrafrench,2024-03-16,53,HR,pop
148,ronaldstephens,2024-04-02,55,IQ,pop
149,charlesmartin,2023-07-28,18,AE,rock
150,scott74,2024-05-10,63,IR,electronic
151,mkim,2023-01-14,21,NR,pop
152,cassandra01,2023-06-01,22,GQ,rock
153,keyemily,2023-07-01,73,BB,jazz
154,thomaspearson,2024-10-15,22,EG,hip-hop
155,fwalters,2024-11-23,33,PW,jazz
156,ricky51,2024-09-03,60,LS,classical
157,ssteele,2024-04-13,31,MZ,hip-hop
158,gibsonleonard,2023-08-09,26,NA,electronic
159,sandovalamy,2023-10-14,77,ET,hip-hop
160,cindy77,2024-06-23,54,GA,classical
161,andrea47,2024-09-19,33,RU,folk
162,johnsoncrystal,2024-07-22,48,KN,folk
163,lancesmith,2023-10-10,44,GR,pop
164,murraydavid,2024-08-15,24,SB,rock
165,william46,2024-08-17,60,PW,classical
166,stephenthomas,2023-05-04,40,US,classical
167,michellehill,2024-07-15,44,NI,classical
168,sarah84,2024-08-06,73,JM,electronic
169,mary97,2024-09-08,21,PE,electronic
170,jreed,2024-06-25,59,MT,electronic
171,mcantu,2024-12-01,24,GY,rock
172,xhall,2023-10-12,43,LB,electronic
173,zthornton,2023-09-20,39,HR,folk
174,tylerjohnson,2023-12-18,73,UA,rock
175,molly71,2024-01-04,33,PH,pop
176,bowenrobert,2024-04-07,30,DE,hip-hop
177,harrisontanya,2023-08-20,46,MD,pop
178,vsantos,2024-08-30,45,SN,pop
179,ofinley,2024-05-24,35,PS,classical
180,cbrennan,2024-03-11,33,GW,folk
181,wendy16,2024-11-30,77,PS,rock
182,wallaceheather,2024-10-06,46,BD,folk
183,laura45,2023-09-16,73,CY,folk
184,amandaknight,2024-07-17,53,DO,rock
185,christianpitts,2024-03-13,21,GY,electronic
186,jdurham,2023-06-03,52,DZ,folk
187,steve07,2024-10-04,18,GD,rock
188,charleslandry,2024-12-06,77,KG,folk
189,dvaughn,2024-08-24,72,FJ,pop
190,gcastaneda,2023-06-07,28,TO,classical
191,bailey40,2024-11-29,49,KM,classical
192,khill,2024-09-08,31,CH,folk
193,lozanojulie,2024-08-15,43,JO,rock
194,catherinegomez,2024-03-25,28,VN,classical
195,erica21,2024-10-06,18,KH,classical
196,parkerscott,2024-02-12,34,ES,folk
197,christopherphillips,2024-06-14,68,EC,classical
198,davidryan,2024-11-25,36,SM,classical
199,maria47,2024-11-22,62,KE,electronic
200,linda71,2023-03-28,68,GR,hip-hop
201,zcoffey,2024-01-27,60,BW,electronic
202,ismith,2023-03-16,49,MN,pop
203,brenda51,2024-04-22,30,PW,jazz
204,harveysherry,2023-08-12,31,VA,rock
205,deborahreid,2023-11-20,55,ME,electronic
206,debra12,2023-01-18,52,AZ,rock
207,wendy11,2023-06-05,65,SO,jazz
208,paulwatson,2024-11-08,21,MC,rock
209,umatthews,2023-04-07,55,NI,classical
210,basschristina,2024-11-01,50,IT,folk
211,vaughnjeff,2023-11-06,51,GW,pop
212,cory58,2024-10-05,21,KH,hip-hop
213,bruce43,2024-11-22,23,PH,folk
214,batesdarlene,2024-02-25,29,AO,rock
215,buchananjohn,2023-03-18,56,TM,rock
216,caseyhubbard,2023-05-16,61,GM,folk
217,markhernandez,2024-10-04,33,AD,classical
218,michele22,2024-01-14,25,EC,hip-hop
219,guerreroanthony,2022-12-26,33,GW,hip-hop
220,alfred40,2023-03-18,56,NL,rock
221,reesethomas,2024-07-06,57,SG,rock
222,hayesjeffrey,2024-03-09,44,ZA,electronic
223,stephen00,2024-12-14,55,MZ,hip-hop
224,fparks,2024-05-19,51,PA,jazz
225,lammarc,2023-04-03,77,CN,jazz
226,claudia98,2024-05-19,31,MU,electronic
227,shawn96,2023-02-26,63,ME,jazz
228,farrelldebra,2024-06-30,33,WS,jazz
229,russellbeasley,2023-10-14,43,PH,pop
230,gperry,2023-08-01,60,KW,electronic
231,nicholas27,2023-02-03,37,BS,classical
232,reynoldsjulie,2023-09-14,38,CO,folk
233,willisanna,2023-08-13,77,CM,rock
234,qgomez,2024-11-02,18,NO,classical
235,schmittcaroline,2023-08-30,57,TR,hip-hop
236,ericolson,2024-08-26,24,MG,rock
237,danny49,2023-05-30,52,NP,pop
238,lynchdiane,2024-05-05,50,AT,jazz
239,joshuafarmer,2024-10-19,26,MG,jazz
240,whitedouglas,2024-04-09,74,BJ,rock
241,joycebonilla,2023-02-21,74,SM,pop
242,nicholaschavez,2023-04-10,41,KR,jazz
243,kimberly99,2023-02-16,28,BF,classical
244,ericwilliamson,2024-04-21,71,IR,hip-hop
245,fstanley,2024-03-03,63,NI,jazz
246,jason81,2023-08-25,57,CG,folk
247,erika97,2024-01-05,59,KP,hip-hop
248,walkertracey,2023-01-25,18,GA,electronic
249,sierra24,2023-07-15,70,CL,hip-hop
250,jimenezryan,2023-03-20,37,SN,electronic
251,vincentwhitaker,2024-07-27,24,BN,pop
252,chensley,2023-10-30,34,PK,rock
253,atkinsbarbara,2024-02-08,74,KN,rock
254,zroberts,2022-12-31,65,LR,hip-hop
255,lauriemontgomery,2024-08-15,27,ML,jazz
256,kimdaniel,2023-10-30,36,MZ,hip-hop
257,fosterkyle,2023-08-21,31,LT,electronic
258,charlesschultz,2024-01-07,39,FI,pop
259,michael23,2023-03-01,61,IE,electronic
260,glennhernandez,2024-06-22,72,BO,jazz
261,stephanieburton,2023-11-20,50,TM,classical
262,kmaldonado,2024-03-30,34,VU,folk
263,michelle52,2023-11-02,21,PW,rock
264,ywelch,2023-07-04,58,BG,classical
265,william47,2023-11-11,71,BG,jazz
266,marie11,2024-03-09,20,SD,rock
267,jford,2024-11-12,39,SZ,folk
268,colelisa,2024-04-05,26,LI,electronic
269,dmason,2023-11-10,80,LV,jazz
270,wagnergerald,2023-06-15,28,OM,electronic
271,nwarren,2023-04-11,46,MR,hip-hop
272,paul59,2023-01-23,63,ZM,classical
273,cameron18,2024-04-24,53,JM,rock
274,jennifer92,2023-08-16,25,TV,rock
275,sabrinacollins,2024-04-08,78,HR,electronic
276,tanderson,2024-10-31,75,KR,pop
277,vschneider,2024-08-01,52,SV,rock
278,lucasrodney,2023-09-06,71,ML,jazz
279,henry35,2024-11-07,55,RU,hip-hop
280,jeremytaylor,2023-02-10,27,BZ,classical
281,stanleynancy,2024-03-11,26,UG,rock
282,lmoore,2024-08-14,37,VU,jazz
283,jenniferwilliams,2023-09-08,75,WS,folk
284,tarabishop,2024-06-17,80,PE,folk
285,amandacollins,2024-07-29,20,PW,jazz
286,michealvalentine,2024-12-04,31,PL,electronic
287,kimberly88,2023-10-18,33,DK,electronic
288,laurietaylor,2023-06-16,24,BA,jazz
289,jsawyer,2024-10-28,67,LC,hip-hop
290,mitchellkathryn,2023-07-03,74,SG,folk
291,mariahdavis,2024-10-11,44,PG,hip-hop
292,sarah60,2023-10-01,65,MR,pop
293,paulmiller,2023-05-29,77,LB,pop
294,combsdebra,2024-07-16,73,CU,pop
295,mitchellmaria,2024-05-07,80,CU,folk
296,awest,2024-10-08,69,AM,pop
297,jason28,2024-11-02,74,UZ,classical
298,srodriguez,2023-06-07,19,CM,pop
299,allendanielle,2024-03-15,65,BI,jazz
300,copelandvincent,2024-01-11,68,ZM,classical
301,jennifercarter,2022-12-17,69,MH,electronic
302,ashleylopez,2024-04-17,73,SL,electronic
303,carlos88,2023-12-21,69,SD,pop
304,myerstheodore,2024-03-24,35,MR,pop
305,julie51,2023-08-25,68,ES,electronic
306,ingramjill,2023-08-16,24,BD,classical
307,amy27,2024-12-01,73,QA,rock
308,lisabrown,2024-07-05,72,PK,classical
309,carterbradley,2023-05-10,32,BB,pop
310,sarah86,2024-12-08,70,ST,classical
311,wking,2024-04-01,40,JO,jazz
312,michelle05,2023-07-03,70,MN,folk
313,vpreston,2023-11-02,73,MV,pop
314,terri77,2023-09-10,32,SI,rock
315,laurie61,2023-10-26,60,EG,pop
316,manuel15,2024-04-12,43,KP,jazz
317,bmorrison,2023-04-16,35,PA,folk
318,sergio59,2024-12-14,22,IS,folk
319,jonesdana,2023-09-07,35,AE,jazz
320,stephaniethomas,2024-03-04,59,OM,hip-hop
321,martinezjoel,2024-03-31,43,ML,electronic
322,cherring,2024-03-02,80,GD,folk
323,xrush,2023-11-05,52,BO,jazz
324,alyssasanders,2024-04-03,78,HU,rock
325,johnsonjacob,2023-12-29,25,TJ,jazz
326,greenjorge,2023-11-07,29,VA,hip-hop
327,heather73,2023-03-15,79,BN,jazz
328,tthompson,2023-11-06,20,BT,rock
329,elizabeth18,2024-01-16,56,KG,classical
330,jenniferho,2024-03-26,40,ML,electronic
331,davidharris,2023-03-27,68,SA,jazz
332,wardashley,2023-11-22,45,TG,hip-hop
333,cherylmiller,2023-07-30,80,VC,hip-hop
334,xfox,2023-10-11,25,TR,classical
335,martinezlogan,2023-02-08,75,PT,hip-hop
336,david89,2023-04-28,30,CO,jazz
337,dshaw,2024-08-14,20,SI,electronic
338,kevinmartin,2024-10-29,45,GR,rock
339,stacey84,2024-08-25,51,ID,folk
340,cynthiapierce,2023-03-17,52,KI,electronic
341,shawgary,2024-11-03,64,DE,electronic
342,donnale,2024-03-02,65,TM,electronic
343,bryananthony,2023-01-18,30,BA,jazz
344,debra96,2024-03-11,45,AT,rock
345,ismall,2023-07-15,78,KI,electronic
346,zsanchez,2024-04-29,76,KG,jazz
347,djones,2023-04-10,57,NI,jazz
348,vmarshall,2024-03-03,60,KW,folk
349,jessica56,2023-03-21,25,MN,electronic
350,floressteven,2023-06-29,75,HU,jazz
351,colinroberts,2023-09-22,50,VE,jazz
352,kwright,2024-08-01,60,TR,classical
353,james27,2024-12-13,38,PT,classical
354,fkoch,2023-01-01,62,MX,jazz
355,nlevy,2024-02-15,53,BE,pop
356,campbellcarla,2024-08-23,30,GQ,classical
357,amitchell,2024-08-26,60,NR,classical
358,nicoleluna,2024-06-26,61,MM,electronic
359,moralesashley,2023-05-07,75,TG,pop
360,charles87,2024-06-26,57,IT,hip-hop
361,andersoncolin,2023-09-14,37,LU,classical
362,kari39,2023-12-23,53,SC,folk
363,williamsderrick,2023-08-16,18,PY,jazz
364,ghernandez,2023-03-28,36,VA,pop
365,francisco94,2024-02-23,45,SD,folk
366,terickson,2023-11-28,55,AM,hip-hop
367,mark16,2024-02-15,59,RS,jazz
368,carlsonjoseph,2024-04-08,47,TT,classical
369,jennifersilva,2023-04-19,46,ZM,electronic
370,rhernandez,2023-06-11,31,TO,hip-hop
371,leescott,2023-10-18,48,NG,folk
372,roberthampton,2024-10-18,75,LK,folk
373,thorntonapril,2024-01-30,65,HR,pop
374,ufox,2024-11-14,60,PK,rock
375,amy49,2023-12-04,36,HU,hip-hop
376,angela34,2024-07-01,60,MA,electronic
377,hannahburns,2023-12-01,57,TJ,jazz
378,keith98,2023-09-19,23,MY,folk
379,stephanie24,2023-01-15,78,LC,folk
380,reedscott,2023-06-21,33,QA,electronic
381,jamesryan,2024-10-28,37,MC,pop
382,derrick99,2023-06-08,69,BE,pop
383,danawilliams,2023-10-14,27,VC,rock
384,xgarcia,2023-03-26,20,SY,pop
385,richarddonovan,2024-09-18,80,QA,classical
386,katelynmitchell,2023-07-12,57,BH,folk
387,pearsonjesse,2024-06-07,67,AZ,rock
388,robertmonroe,2024-10-28,47,AZ,classical
389,lfrench,2024-10-30,74,JP,electronic
390,smithashley,2023-03-04,54,LT,pop
391,shawn88,2023-12-12,63,CR,electronic
392,znelson,2023-03-08,42,DK,classical
393,twong,2023-05-01,43,LK,pop
394,krystal93,2023-04-23,27,DZ,electronic
395,gwilcox,2023-08-12,62,MZ,rock
396,lopezdonald,2023-08-09,75,HU,folk
397,greenjoe,2024-06-18,73,LS,folk
398,brandi90,2023-06-25,74,ML,rock
399,bryanwilson,2023-07-28,67,NA,classical
400,hannah45,2024-03-09,32,GN,pop
401,timothygibson,2024-12-07,69,MR,electronic
402,emiles,2024-06-21,51,TL,classical
403,kathleenbecker,2024-02-24,21,BR,hip-hop
404,xrice,2023-02-11,33,TM,folk
405,brownamy,2023-12-20,25,TO,classical
406,franklinbond,2023-11-03,26,KZ,folk
407,jenniferburns,2024-10-03,47,PE,electronic
408,chavezwilliam,2023-11-14,51,BG,hip-hop
409,tchambers,2024-05-27,56,MY,jazz
410,lisa39,2023-02-07,78,NO,folk
411,isabella80,2024-10-29,75,BJ,classical
412,ajohnson,2023-04-26,57,CR,folk
413,ybrooks,2023-11-08,64,MT,hip-hop
414,qmiller,2024-09-15,45,CR,folk
415,david86,2024-01-06,76,ZA,hip-hop
416,maryavila,2024-11-30,46,PL,pop
417,opatel,2023-06-14,65,LY,folk
418,joshuapineda,2024-05-28,48,CG,classical
419,pachecorobert,2024-06-27,34,AM,folk
420,jamiegarcia,2023-01-09,33,US,folk
421,sanchezbradley,2023-11-01,58,SR,jazz
422,karenparsons,2023-03-28,67,JP,folk
423,lisadennis,2023-08-06,51,US,classical
424,joel28,2023-05-26,58,KG,pop
425,bruce92,2024-03-17,35,NP,classical
426,wwilliams,2024-11-03,22,SV,electronic
427,ufloyd,2024-05-08,36,NE,pop
428,kevinwhite,2024-01-13,35,GY,jazz
429,kevinzimmerman,2024-07-27,38,BG,hip-hop
430,jfaulkner,2024-01-07,23,MW,pop
431,jonathanrivera,2023-02-11,27,PG,pop
432,christopher30,2023-06-30,42,GQ,electronic
433,russojacob,2024-06-24,27,RS,electronic
434,timothybooth,2023-08-16,31,AL,rock
435,sharonhayden,2023-03-11,44,TW,classical
436,srocha,2024-03-01,39,GA,hip-hop
437,jherman,2023-08-08,47,JM,classical
438,powens,2023-09-04,21,IL,pop
439,william77,2023-02-26,71,WS,classical
440,ugill,2024-10-14,42,MN,folk
441,robert93,2024-06-09,55,AM,electronic
442,angela99,2024-05-25,19,KE,folk
443,jameshall,2024-02-05,74,HN,folk
444,rpierce,2023-08-19,54,RW,classical
445,umurray,2024-07-19,48,DO,rock
446,jenniferfreeman,2024-10-16,78,SR,jazz
447,warrenmary,2023-02-08,37,SV,folk
448,duranrobert,2024-08-22,42,HT,folk
449,mannalbert,2023-12-20,75,MR,folk
450,williamsonelizabeth,2024-03-10,44,RO,hip-hop
451,ismith,2024-01-23,65,AL,electronic
452,morenojoshua,2024-11-29,52,AM,folk
453,ldrake,2023-03-04,56,BY,pop
454,johnharvey,2023-06-18,49,MH,pop
455,laura15,2024-11-16,35,PK,classical
456,veronicaperez,2024-04-29,49,BR,rock
457,davisnicholas,2024-01-24,42,BG,jazz
458,warnerchristopher,2024-08-24,60,KH,electronic
459,ariel18,2024-10-17,69,GT,classical
460,rachelschwartz,2024-02-03,64,IR,pop
461,glassgabrielle,2023-07-08,71,ST,classical
462,whitemelissa,2022-12-27,76,GE,pop
463,karenmarquez,2023-10-03,80,BO,hip-hop
464,francisco39,2024-08-17,52,MW,rock
465,patrick21,2023-12-17,76,LY,classical
466,davisjesse,2023-02-09,55,UY,hip-hop
467,unovak,2023-01-06,60,IR,rock
468,whenry,2024-01-24,23,MT,electronic
469,llopez,2024-04-11,45,BS,pop
470,lauren11,2023-06-29,73,MU,classical
471,jodistewart,2023-03-03,29,AF,rock
472,sean41,2023-03-22,34,ER,classical
473,jcole,2023-12-25,38,CA,pop
474,davisangela,2024-02-25,47,LR,jazz
475,asmith,2023-09-25,39,BS,folk
476,ashleyjackson,2023-09-20,74,CU,classical
477,kevin72,2023-01-31,35,NZ,folk
478,robert71,2023-09-05,78,HU,folk
479,mwheeler,2023-11-15,44,CR,jazz
480,adam65,2024-08-22,71,MU,rock
481,scott69,2023-03-25,48,LI,rock
482,timothythompson,2023-10-03,65,LB,hip-hop
483,jessica79,2024-07-09,21,LR,jazz
484,yramirez,2023-09-29,32,CI,electronic
485,brittanygardner,2024-04-27,22,SY,folk
486,bentonsteven,2024-05-16,79,OM,electronic
487,marie16,2024-04-20,20,CU,folk
488,john26,2024-07-14,19,BN,pop
489,eewing,2024-02-14,30,SN,folk
490,ystephens,2024-11-22,19,ME,hip-hop
491,rodriguezjohn,2024-04-14,27,DM,pop
492,hartdeanna,2024-04-01,26,GB,classical
493,tammy61,2022-12-23,60,IL,rock
494,williamstone,2024-02-13,54,TR,pop
495,seanmyers,2024-07-02,47,TZ,electronic
496,michaeljohnson,2023-03-02,34,NI,folk
497,wilsonshelia,2023-03-29,41,KR,pop
498,stanley38,2023-12-04,56,PY,hip-hop
499,kimheather,2023-08-06,79,KG,electronic
500,patrickdarin,2024-08-27,63,KH,rock
501,byrdfrank,2024-12-04,67,HN,folk
502,andrearivera,2023-10-23,28,PL,jazz
503,laurensoto,2023-05-01,24,KM,hip-hop
504,vfoster,2024-03-08,19,FJ,jazz
505,yvargas,2022-12-19,54,GH,electronic
506,joshuapadilla,2024-07-19,76,TR,classical
507,lloydamanda,2023-09-09,43,FJ,electronic
508,qwilson,2024-09-06,30,SM,rock
509,candice96,2024-02-18,55,MG,electronic
510,megan92,2024-08-01,71,MA,electronic
511,samantha91,2024-04-20,33,KW,rock
512,allendaryl,2023-09-14,62,CV,folk
513,ibarnes,2024-02-09,37,NO,folk
514,tommymedina,2024-10-17,61,EC,hip-hop
515,tracytaylor,2023-08-02,69,PG,rock
516,glennstephanie,2023-12-05,68,FI,hip-hop
517,gmaynard,2024-04-06,68,NE,rock
518,cperry,2023-12-08,40,BS,hip-hop
519,flynnjeffrey,2023-01-08,45,GR,electronic
520,gary79,2024-06-10,41,SA,rock
521,armstrongjoseph,2024-01-17,50,MM,electronic
522,wolfscott,2023-05-24,39,NO,rock
523,fitzgeralddesiree,2023-06-14,72,AU,classical
524,fbaker,2023-11-01,70,CL,classical
525,jasonrojas,2024-05-02,24,KN,classical
526,imartin,2024-07-11,79,GA,jazz
527,hudsonamanda,2024-02-25,58,DO,folk
528,tiffany44,2024-02-07,47,SG,electronic
529,taylorkaren,2023-10-12,27,BH,classical
530,michelle22,2023-06-16,29,LC,electronic
531,maria67,2023-03-29,51,ZM,electronic
532,courtney67,2023-02-09,35,BW,hip-hop
533,rrobertson,2024-05-06,69,MN,hip-hop
534,uclements,2024-02-14,67,ES,classical
535,simonstephen,2024-04-14,47,MK,classical
536,flynnraymond,2024-11-22,70,GH,electronic
537,sadams,2023-08-19,55,TR,jazz
538,ashleewashington,2023-08-24,38,KZ,folk
539,williamsconnie,2024-08-18,33,AM,folk
540,nobleeric,2023-11-14,77,NP,rock
541,wendyblankenship,2024-09-20,35,KI,classical
542,nancymcdowell,2023-02-22,33,ML,folk
543,christopher20,2023-10-01,47,KP,hip-hop
544,rubendavis,2023-02-23,57,GH,electronic
545,lmiller,2023-05-30,42,KZ,jazz
546,ssmith,2023-08-24,19,CL,classical
547,ebenson,2023-02-05,72,MV,jazz
548,crosscurtis,2023-08-02,29,KG,classical
549,patrickli,2024-09-15,31,BA,jazz
550,caseyelliott,2024-03-06,69,DM,jazz
551,nbell,2024-03-19,39,CZ,jazz
552,cjensen,2024-09-04,74,BT,hip-hop
553,taylordavid,2024-06-01,62,MG,jazz
554,iedwards,2023-06-15,53,KH,rock
555,wrightcarolyn,2024-05-26,51,JM,pop
556,abbottdominique,2023-07-24,23,SI,pop
557,juliephillips,2023-01-24,64,GY,classical
558,pcruz,2023-12-16,49,UG,hip-hop
559,ricetiffany,2024-12-06,66,LB,pop
560,paulcombs,2023-10-19,62,ST,classical
561,kathrynbest,2024-07-01,59,AM,electronic
562,smithjason,2024-10-20,49,MY,classical
563,courtney86,2023-10-21,68,MZ,rock
564,davidsonamanda,2023-04-06,23,BS,jazz
565,christian32,2024-01-12,32,MX,classical
566,collinssamuel,2024-11-11,62,GY,pop
567,sanchezsandy,2023-03-10,37,VA,electronic
568,parkerjudith,2024-06-09,55,CL,jazz
569,zimmermanjacqueline,2023-04-14,48,LY,hip-hop
570,gary24,2024-06-03,51,CL,jazz
571,rogersruben,2024-01-02,45,IN,electronic
572,crawfordwilliam,2023-01-25,53,TN,jazz
573,michaelscott,2023-03-01,40,TO,electronic
574,perezwilliam,2023-01-17,47,AL,jazz
575,brandoncox,2024-10-18,37,EE,jazz
576,tranrobin,2024-06-09,32,NL,rock
577,marcbutler,2024-05-25,64,IR,pop
578,duncandavid,2024-04-21,38,BF,rock
579,jeffreyblack,2023-01-18,65,MZ,hip-hop
580,wileymichelle,2024-07-03,78,KR,folk
581,christopher70,2023-09-11,62,JP,pop
582,jodi37,2023-09-11,30,SA,pop
583,jessicapayne,2024-07-19,65,CZ,classical
584,randolphandrew,2024-01-15,35,ZW,electronic
585,tapiaaaron,2024-04-09,55,LK,folk
586,dalton83,2023-10-18,51,BH,hip-hop
587,jenniferdavis,2024-10-19,36,SK,rock
588,xhaynes,2023-11-16,71,AE,pop
589,carpenterwilliam,2024-03-25,36,MX,pop
590,vargasbryan,2024-04-13,41,CO,pop
591,kellyrosales,2024-10-22,37,MX,rock
592,louis43,2023-02-08,63,FR,hip-hop
593,kimberlyrichards,2023-04-08,26,DM,jazz
594,aowens,2023-03-14,20,MK,rock
595,shannonford,2024-08-30,53,BW,jazz
596,lindseytorres,2024-05-14,62,UY,pop
597,lewismelissa,2023-04-03,58,LC,folk
598,tanyafoster,2023-01-20,66,KG,classical
599,lori20,2024-11-10,24,PG,folk
600,codygarcia,2024-07-18,18,CM,hip-hop
601,brownkimberly,2023-05-27,36,FJ,classical
602,owatson,2024-10-31,48,BS,classical
603,samantha10,2024-12-13,39,FJ,pop
604,flamb,2024-10-07,79,LS,rock
605,williamssteven,2023-04-17,34,TO,folk
606,zunderwood,2023-12-13,48,MU,rock
607,nthompson,2024-10-09,70,IS,rock
608,sean20,2024-03-08,43,VE,classical
609,deborahporter,2024-09-21,22,QA,hip-hop
610,millerpatrick,2023-10-18,58,BA,electronic
611,crystalpham,2024-07-19,21,MU,pop
612,timothy75,2024-10-13,27,SC,folk
613,paul20,2023-08-06,54,GN,jazz
614,huangkimberly,2023-01-27,23,PW,pop
615,katie32,2023-02-27,25,KM,hip-hop
616,josephvelasquez,2024-10-16,66,BG,classical
617,barbaramcgrath,2023-09-25,56,EC,hip-hop
618,joelstewart,2024-06-07,68,MK,hip-hop
619,warnermichael,2024-02-03,32,CV,folk
620,marycochran,2024-11-24,51,SR,classical
621,gregory01,2023-01-26,46,UY,classical
622,andrewwoods,2023-08-15,37,VE,folk
623,lindsaypeterson,2023-04-24,55,LI,classical
624,johnsonbrenda,2024-10-16,37,CG,hip-hop
625,susan56,2024-02-17,57,LU,rock
626,marcus26,2024-07-16,57,RU,electronic
627,grant89,2024-07-13,24,GR,folk
628,nicholasgross,2023-07-19,31,EE,electronic
629,rushstacy,2023-09-28,31,TN,jazz
630,whitelucas,2024-07-29,60,VA,rock
631,daniellegarcia,2023-12-13,28,LS,pop
632,youngtoni,2023-04-17,29,BT,hip-hop
633,sean43,2023-06-16,22,BJ,pop
634,jonathan10,2023-01-20,18,OM,classical
635,acosta,2023-12-11,46,MT,electronic
636,amy17,2024-07-14,56,TR,classical
637,franciscojones,2024-08-25,36,KE,rock
638,floresstephanie,2023-02-08,32,DO,jazz
639,emartin,2024-01-19,63,BW,jazz
640,brooke97,2024-05-13,62,NR,folk
641,catherinehamilton,2023-01-24,47,LS,rock
642,terriortiz,2024-01-25,61,ZA,pop
643,donna43,2023-02-24,77,MX,jazz
644,xhernandez,2022-12-18,68,BT,folk
645,madison97,2023-05-10,58,AR,hip-hop
646,georgecarter,2023-02-13,60,CI,folk
647,kristen77,2024-09-30,77,IN,pop
648,maypaul,2023-09-13,45,MU,rock
649,jacob04,2023-11-02,52,IN,pop
650,maryelliott,2023-04-05,59,MC,pop
651,millermaurice,2024-01-15,76,TW,jazz
652,angelarandall,2024-08-05,70,NL,pop
653,parmstrong,2023-11-29,22,BR,rock
654,torr,2023-01-10,28,TO,folk
655,davidtodd,2023-04-21,37,DM,hip-hop
656,lindseymartinez,2023-10-21,65,KZ,folk
657,oharris,2023-04-03,54,UG,jazz
658,luis11,2023-09-25,46,MY,rock
659,melissa87,2024-10-16,47,AL,electronic
660,jrodriguez,2023-04-03,37,TZ,electronic
661,buckleyanna,2023-02-27,43,JO,jazz
662,natalie46,2024-04-07,50,TO,hip-hop
663,rjohnson,2023-10-06,49,VN,classical
664,vwilliams,2024-05-03,23,BE,hip-hop
665,xmccall,2022-12-30,20,KI,classical
666,juan71,2024-11-25,65,GT,jazz
667,kevinmanning,2024-07-03,56,LI,jazz
668,jessica91,2023-05-02,19,GH,rock
669,wfigueroa,2023-12-28,32,MR,electronic
670,robertsonerik,2023-07-31,71,SD,folk
671,htaylor,2024-09-18,54,AT,hip-hop
672,jameswhitaker,2024-08-18,78,HU,rock
673,bryantsamantha,2024-05-14,66,IS,electronic
674,madison86,2024-03-24,70,CM,jazz
675,allentracy,2023-11-07,54,PY,rock
676,max41,2023-07-12,66,MV,folk
677,martinashley,2024-11-20,29,GN,classical
678,ericaadams,2023-10-11,51,AO,electronic
679,wellsdavid,2023-04-21,46,AG,jazz
680,johnnytrujillo,2023-07-27,29,KN,hip-hop
681,rodney65,2023-11-16,45,GM,electronic
682,hturner,2024-08-09,70,MY,classical
683,smithyvonne,2024-11-21,80,MR,rock
684,kenneth17,2023-01-31,48,IS,jazz
685,michelle44,2023-05-02,44,SI,jazz
686,racheltrujillo,2024-07-24,38,US,electronic
687,rguerrero,2023-03-28,24,AR,folk
688,qbright,2024-10-08,28,NA,jazz
689,ldoyle,2024-05-16,44,TO,electronic
690,matthewreeves,2024-04-30,49,DZ,jazz
691,qknox,2023-09-04,60,KG,classical
692,marywalter,2023-04-27,70,BY,folk
693,qanderson,2024-05-29,53,TJ,rock
694,staceylam,2024-04-07,47,GN,rock
695,jeffrey46,2024-07-14,38,LS,jazz
696,jorge47,2024-08-29,38,PW,rock
697,delacruzbrandy,2024-11-05,80,BN,folk
698,gpreston,2023-03-13,43,KZ,folk
699,amoreno,2023-01-24,50,CZ,folk
700,victoriacooper,2024-12-06,18,PK,electronic
701,lesliebaldwin,2024-07-07,73,RU,hip-hop
702,crystal25,2024-03-23,47,AF,classical
703,whill,2024-07-03,21,TR,pop
704,tracygallagher,2023-02-18,51,VE,jazz
705,zschultz,2023-10-25,57,QA,folk
706,ismith,2023-05-10,49,MR,electronic
707,mcclainkatherine,2024-01-08,46,AM,folk
708,simsjohn,2024-05-05,21,LY,pop
709,david68,2024-02-19,35,DM,hip-hop
710,colonkenneth,2023-07-16,26,ZA,jazz
711,ryan25,2024-12-13,46,RW,electronic
712,karen26,2022-12-29,49,GR,rock
713,jasonjohnson,2023-12-19,19,CM,electronic
714,jennifer06,2024-09-16,56,IE,folk
715,wheelerbrandon,2023-03-05,33,AO,electronic
716,norrisrobert,2023-09-19,28,SY,jazz
717,thomas23,2024-05-07,53,ZM,rock
718,turnerdorothy,2024-04-13,53,IR,classical
719,robertroach,2023-12-24,23,VN,pop
720,campbellkristen,2023-12-14,71,UZ,rock
721,kimberlydecker,2024-11-26,47,MK,rock
722,cphillips,2024-01-20,59,GE,folk
723,arivera,2022-12-25,27,BT,classical
724,conleyelizabeth,2023-04-04,77,BW,electronic
725,cummingscraig,2023-06-21,36,HT,hip-hop
726,shinton,2023-06-27,63,BE,jazz
727,limorgan,2024-08-29,44,ML,folk
728,ronald11,2024-08-29,48,BD,classical
729,christianelizabeth,2023-04-19,33,MK,classical
730,rfriedman,2024-09-18,53,BW,pop
731,lisa21,2023-10-04,42,PH,pop
732,mary76,2024-04-03,76,DM,hip-hop
733,andersonjessica,2024-12-02,50,DJ,electronic
734,perrybrittany,2024-07-24,74,GD,pop
735,ywhite,2024-07-07,73,VA,rock
736,huffmannichole,2024-05-30,35,CO,folk
737,hknapp,2024-09-24,68,OM,folk
738,browndiana,2022-12-25,44,GD,jazz
739,tiffanysantiago,2023-08-20,77,SK,folk
740,reynoldsjessica,2023-12-03,50,HR,jazz
741,jhernandez,2024-09-28,70,VA,rock
742,smithsarah,2023-12-20,36,PW,electronic
743,ebooth,2024-06-17,37,LI,folk
744,markramirez,2023-12-21,55,SY,hip-hop
745,ppowell,2023-02-11,60,PA,classical
746,fmiller,2023-11-07,73,CL,pop
747,bmcgee,2023-03-01,46,NG,hip-hop
748,hawkinsaaron,2023-02-20,48,UY,jazz
749,pamela83,2024-04-07,39,PH,hip-hop
750,michael03,2024-08-24,66,LS,hip-hop
751,xmoran,2024-05-22,42,CI,classical
752,malonejeffrey,2023-08-22,77,ZW,jazz
753,amy51,2023-01-18,73,DM,pop
754,ttaylor,2024-06-10,80,NE,electronic
755,kingjames,2023-03-14,33,MX,hip-hop
756,stephenharrington,2024-05-22,42,CD,pop
757,owilliams,2024-08-19,72,TZ,folk
758,bartonshannon,2024-04-10,44,SD,rock
759,tamarasmith,2024-06-06,38,TG,electronic
760,eroberson,2024-10-21,48,EE,electronic
761,jessicaanderson,2023-09-25,76,US,folk
762,william66,2024-12-01,42,MD,classical
763,joshuastuart,2024-11-24,60,PG,folk
764,devonmorrison,2024-09-23,70,SG,electronic
765,megan85,2024-05-19,80,TG,pop
766,jamesweber,2023-07-16,49,LY,rock
767,tinasantos,2024-11-15,26,SC,hip-hop
768,jennifer58,2023-12-02,79,TO,hip-hop
769,icraig,2023-07-13,39,NO,folk
770,millsanthony,2023-04-01,24,SV,folk
771,gonzalezkaren,2023-04-12,72,JO,classical
772,dwayne04,2023-05-14,24,SR,hip-hop
773,howardshaun,2024-03-10,76,GQ,classical
774,juliahoffman,2023-06-07,18,MC,electronic
775,heather06,2023-09-25,27,LA,classical
776,tammy00,2024-06-11,73,FR,electronic
777,ogreer,2024-05-14,80,KH,pop
778,kari89,2023-05-08,22,RS,classical
779,kellythompson,2024-04-28,68,ER,jazz
780,jillwilson,2023-01-14,39,IT,hip-hop
781,david94,2022-12-20,62,PT,classical
782,billmcfarland,2024-02-25,59,YE,rock
783,tracy98,2023-09-03,72,KN,jazz
784,alicia28,2023-02-03,72,SD,electronic
785,robertherrera,2023-02-21,72,GN,hip-hop
786,elizabethrivera,2023-07-18,42,GB,jazz
787,wbarajas,2024-12-02,58,AG,electronic
788,caldwellsean,2024-10-07,74,VE,folk
789,susanfleming,2023-08-07,49,CI,folk
790,uscott,2023-07-10,52,SI,rock
791,willie87,2023-12-06,57,KE,rock
792,lukemiller,2023-02-24,33,SO,electronic
793,simsjason,2024-03-20,61,GH,jazz
794,nhouston,2024-01-13,32,ME,electronic
795,elucas,2024-06-13,23,DE,classical
796,stevensmartin,2023-02-17,80,BF,rock
797,lauragrant,2024-02-09,66,GT,electronic
798,rickey76,2023-10-28,63,AM,folk
799,inunez,2022-12-20,24,WS,classical
800,avilabrenda,2024-05-11,28,BN,electronic
801,sarah14,2024-07-13,37,KI,rock
802,campbellsara,2023-09-20,20,HR,jazz
803,wellsamanda,2023-03-25,68,MX,rock
804,susan24,2024-04-24,36,ZA,jazz
805,susan08,2024-09-15,41,CV,classical
806,williamsashley,2023-09-30,27,SY,pop
807,torreskaitlin,2024-10-06,51,LY,classical
808,robertbrewer,2023-12-25,54,DK,electronic
809,jeffreydavenport,2023-05-07,68,EG,pop
810,yorksarah,2024-12-11,28,PL,pop
811,robertscarlos,2023-02-25,23,RS,hip-hop
812,wlynn,2023-03-19,73,TD,classical
813,craigharvey,2024-10-03,57,LB,electronic
814,nhayes,2024-04-11,33,MD,classical
815,arianadiaz,2023-08-04,76,NP,hip-hop
816,adamsanchez,2023-05-26,27,SZ,pop
817,xhill,2023-03-24,47,ES,electronic
818,natalie77,2023-09-04,34,KP,classical
819,larnold,2024-03-31,34,BR,electronic
820,michele28,2023-05-08,18,ES,folk
821,lunapatricia,2024-08-28,47,ZM,jazz
822,hessbeth,2024-06-30,61,GH,hip-hop
823,arnoldamy,2024-12-15,28,PW,rock
824,michaelwalker,2024-07-02,46,ES,jazz
825,dennis88,2023-02-20,55,MM,jazz
826,batesmelanie,2024-07-27,58,VE,classical
827,katherinetaylor,2023-04-11,62,TM,jazz
828,jillwebb,2023-09-04,47,GN,folk
829,qhall,2023-09-12,37,BB,pop
830,aprilmoody,2023-09-25,42,PH,folk
831,williamsdeborah,2023-03-01,48,SK,rock
832,mary49,2024-01-17,33,EC,classical
833,xvaldez,2024-02-18,54,BO,jazz
834,nicholas38,2023-10-08,54,LY,jazz
835,msparks,2022-12-20,62,CU,jazz
836,emartin,2023-12-27,19,IT,folk
837,edwardmoore,2024-02-29,60,CL,classical
838,robertrivera,2023-03-08,35,GQ,rock
839,lmendoza,2023-04-12,54,NG,folk
840,sanchezdavid,2024-02-22,61,CR,folk
841,macdonalddylan,2023-04-16,65,EG,rock
842,kgreene,2024-03-26,76,WS,hip-hop
843,stacey37,2024-03-03,65,PW,classical
844,ajackson,2024-02-28,71,TV,jazz
845,cindydixon,2023-04-17,67,LA,folk
846,sandra99,2023-02-04,32,MT,hip-hop
847,banderson,2023-05-12,69,SD,jazz
848,mserrano,2023-02-24,32,PY,electronic
849,richamanda,2024-06-17,30,BW,hip-hop
850,mhopkins,2024-01-14,34,AD,electronic
851,xboyd,2024-09-15,66,MC,electronic
852,zperez,2023-12-03,67,MU,electronic
853,brianna91,2023-10-23,61,IE,folk
854,fcannon,2023-07-11,26,ST,electronic
855,ascott,2024-05-17,24,AF,electronic
856,meyernicholas,2023-05-15,59,KW,rock
857,jcox,2023-10-23,37,TV,folk
858,jose86,2024-02-01,46,VA,rock
859,victoria63,2023-10-14,55,TH,jazz
860,jwhite,2024-01-25,64,ID,pop
861,becky62,2024-09-01,23,KM,jazz
862,adkinssean,2024-05-10,38,DK,electronic
863,lewisrichard,2023-08-20,44,SY,pop
864,martintamara,2022-12-19,30,BW,pop
865,thomasburke,2023-02-18,68,IN,hip-hop
866,nathanlynch,2024-05-28,74,MZ,jazz
867,jennifer90,2024-11-06,51,EC,hip-hop
868,mgonzales,2024-08-28,76,SI,jazz
869,james98,2023-12-28,71,HT,pop
870,emilyward,2024-04-07,34,DJ,folk
871,sheakimberly,2023-08-31,78,MY,classical
872,hwillis,2022-12-27,79,MA,folk
873,calhounandrea,2024-05-29,36,TJ,electronic
874,michael43,2024-03-03,73,FI,jazz
875,kspears,2022-12-19,69,EC,rock
876,jhunter,2023-02-06,47,KE,rock
877,stacey84,2024-09-16,27,TR,folk
878,heather69,2023-12-04,79,HN,pop
879,susan77,2024-10-01,73,AT,electronic
880,ewilson,2023-09-21,64,GN,electronic
881,laurengutierrez,2023-08-31,80,SO,classical
882,haynesjose,2023-07-14,79,MZ,folk
883,charles27,2023-08-02,69,GM,hip-hop
884,ian37,2024-06-06,41,GW,rock
885,moniqueclark,2023-05-13,68,HU,classical
886,eric11,2024-10-18,18,GD,jazz
887,waustin,2024-09-02,52,BB,rock
888,uwatson,2023-12-10,47,TR,jazz
889,travis84,2023-10-02,61,GB,electronic
890,brianlloyd,2023-11-30,61,SR,jazz
891,shawphillip,2024-04-30,55,EC,classical
892,sbray,2023-12-29,70,KW,electronic
893,smithjason,2024-02-13,78,LR,jazz
894,chloe42,2024-01-20,24,GW,electronic
895,thomas95,2023-09-09,32,SB,classical
896,sclark,2024-06-17,19,MM,hip-hop
897,lramirez,2024-02-06,74,TR,hip-hop
898,lisale,2024-07-25,38,TH,hip-hop
899,mchase,2023-04-01,32,SZ,electronic
900,thomassmith,2023-10-20,22,CR,electronic
901,kristen44,2024-01-30,70,TN,classical
902,rosshannah,2023-01-28,76,IE,electronic
903,gcombs,2023-11-09,37,LT,electronic
904,michael88,2024-10-27,44,IE,rock
905,andrew15,2024-09-10,26,UZ,rock
906,barbarasantos,2024-01-13,78,JM,rock
907,mark87,2024-07-04,37,PE,classical
908,jamesjustin,2024-03-21,25,CY,rock
909,daniellemcfarland,2023-10-20,33,VA,hip-hop
910,esweeney,2023-02-11,26,LV,classical
911,lawrencedelgado,2024-05-18,47,UY,jazz
912,cnelson,2024-07-08,60,ML,electronic
913,lgutierrez,2024-08-31,62,CN,hip-hop
914,ebonyshepard,2024-05-11,44,BR,hip-hop
915,garrettgarcia,2023-01-31,65,PY,electronic
916,johnsonrandy,2024-06-27,27,BS,classical
917,bakereric,2024-04-07,59,MW,rock
918,jerome47,2024-03-17,71,CO,classical
919,anthonyalvarado,2024-09-04,57,LR,classical
920,imcdonald,2024-10-29,78,SY,jazz
921,staylor,2024-01-14,20,UA,electronic
922,owelch,2024-09-17,41,NZ,pop
923,regina78,2023-05-31,46,BT,classical
924,aparker,2023-06-23,78,KI,pop
925,smithlisa,2024-08-26,72,LY,jazz
926,taylor07,2024-11-07,24,QA,electronic
927,albert64,2024-02-25,41,AF,hip-hop
928,jacob86,2023-09-30,75,DK,electronic
929,oclayton,2023-06-26,40,NO,rock
930,zacharymarsh,2024-03-08,43,MD,jazz
931,justin84,2023-10-13,30,BJ,rock
932,derrickrodriguez,2023-11-13,78,PG,folk
933,jackie73,2023-08-07,70,CZ,classical
934,bookerandrew,2024-11-25,23,JM,electronic
935,david70,2023-06-04,31,CZ,electronic
936,snydermatthew,2023-07-31,58,SB,hip-hop
937,steven05,2023-02-12,80,GB,rock
938,brianrowe,2023-02-06,21,PW,folk
939,jamesskinner,2024-08-04,39,AL,pop
940,villegasjennifer,2023-09-23,26,PA,folk
941,joanjohnson,2023-11-17,54,BY,pop
942,thomasmaldonado,2023-08-01,22,LI,folk
943,crystalwilliams,2024-10-31,66,SK,hip-hop
944,kingdanielle,2023-05-10,31,BF,hip-hop
945,teresayoung,2023-10-29,31,AL,folk
946,laurarichards,2023-10-01,73,HN,pop
947,novakbianca,2024-05-03,39,FM,folk
948,nathandavis,2023-04-10,27,BW,folk
949,sarah00,2023-09-01,75,DE,hip-hop
950,martinezjesse,2024-12-02,18,KH,jazz
951,linda73,2022-12-31,72,MT,pop
952,jennifer40,2023-12-05,26,OM,hip-hop
953,amy73,2024-02-03,34,ST,folk
954,mario74,2024-09-10,29,US,rock
955,caseymoore,2023-07-20,60,IN,folk
956,shawn86,2024-06-04,19,AM,pop
957,kimberly35,2024-05-26,18,KM,jazz
958,rlee,2023-12-14,68,TG,folk
959,chloemorris,2024-03-28,33,CG,hip-hop
960,millscarl,2024-08-17,38,CO,rock
961,morganharris,2023-12-05,29,BZ,jazz
962,duncanmary,2024-04-09,21,SL,pop
963,brandon39,2024-05-23,65,AL,classical
964,dianahebert,2024-08-15,51,PT,rock
965,wardjulia,2024-09-26,65,MN,rock
966,colonjoseph,2023-01-14,48,BN,classical
967,christian38,2023-02-24,67,RS,jazz
968,amandalopez,2024-01-04,50,HU,hip-hop
969,angelagrant,2024-06-13,24,DZ,classical
970,emily61,2023-04-16,50,EG,pop
971,qwagner,2023-04-10,78,US,hip-hop
972,umahoney,2024-01-22,20,LR,electronic
973,robert65,2024-03-04,68,TM,folk
974,nicholaspierce,2024-06-12,60,ML,hip-hop
975,zwest,2022-12-16,37,AU,classical
976,caitlin82,2024-12-11,59,KI,rock
977,evansjeffrey,2024-09-01,21,AO,classical
978,samantha88,2024-02-06,72,TO,classical
979,clintonstevens,2023-04-09,45,IN,electronic
980,pamela33,2023-06-21,24,KG,classical
981,duncanashley,2023-05-23,63,BO,classical
982,laura27,2024-08-10,22,FM,rock
983,larsonkevin,2024-06-02,38,TR,hip-hop
984,dmiller,2024-10-19,27,LT,rock
985,nichole66,2024-10-26,26,CL,jazz
986,julieatkinson,2024-10-24,57,ZW,electronic
987,hbrown,2023-01-15,55,SR,hip-hop
988,markwolfe,2023-04-06,63,GQ,jazz
989,wmaddox,2024-02-24,42,SD,hip-hop
990,walkerkeith,2023-09-30,51,CO,jazz
991,christopher90,2024-01-20,47,IN,hip-hop
992,rossryan,2024-05-09,56,CR,classical
993,fhansen,2023-09-30,24,TO,folk
994,annshea,2024-01-03,62,HN,rock
995,adamsrussell,2024-04-29,72,TR,electronic
996,rodriguezrobert,2023-09-09,59,ET,folk
997,melvin04,2023-04-18,53,MG,electronic
998,chanson,2023-01-17,73,HT,pop
999,ginamoore,2024-05-31,45,BS,classical
